{
  "H_XL": 1.947629970848999,
  "ig_per_layer_0_to_L-1": [
    0.0021426572930067778,
    0.0027725996915251017,
    0.001772452611476183,
    0.0013021714985370636,
    0.003939546179026365,
    0.0024808936286717653,
    0.004136977251619101,
    0.004439984448254108,
    0.0010510669089853764,
    -0.00360867683775723,
    -0.0005646220524795353,
    0.002214165171608329
  ],
  "alpha_weights_0_to_L-1": [
    0.08356723189353943,
    0.084095299243927,
    0.08325842022895813,
    0.08286779373884201,
    0.08508240431547165,
    0.08385036140680313,
    0.08525054901838303,
    0.08550925552845001,
    0.08265997469425201,
    0.07889658957719803,
    0.0813351646065712,
    0.08362700045108795
  ],
  "tau": 0.1,
  "L_excluding_last": 12
}